customer_id,age,gender,annual_income,loan_amount,credit_score,loan_tenure_months,employment_years,loan_purpose,default
CUST0141,64,Male,72224,51197,584,45,17,Home Loan,1
CUST0399,44,Male,78243,54481,837,10,2,Education,1
CUST0007,60,Female,27357,78794,525,21,17,Home Loan,0
CUST0335,44,Female,97709,45809,612,6,12,Home Loan,1
CUST0323,44,Male,76720,60961,759,10,4,Home Loan,0
CUST0083,46,Female,97052,78698,330,46,10,personal loan,0
CUST0226,45,Female,117007,57853,405,7,10,Education,0
CUST0497,45,Male,136664,72364,576,37,8,Business,1
CUST0010,32,Male,64811,31069,542,32,13,car loan,0
CUST0102,30,Female,62348,44711,747,27,18,Education,1
CUST0011,32,Female,56208,17910,792,42,7,Personal,0
CUST0264,61,Male,66540,35678,587,34,14,car loan,1
CUST0078,46,Male,68136,47929,655,8,19,personal loan,0
CUST0300,51,Female,41949,38572,777,44,13,business loan,0
CUST0319,56,Male,62944,28752,528,19,7,Home Loan,1
CUST0470,50,Female,76720,56184,590,59,2,Business,1
CUST0003,36,Female,85510,9632,601,29,16,car loan,1
CUST0159,60,Male,149695,60318,383,21,16,car loan,0
CUST0258,54,Female,24158,17342,600,33,16,car loan,0
CUST0500,57,Male,76720,5806,820,54,7,car loan,0
CUST0431,60,Female,148077,78543,716,56,13,car loan,0
CUST0447,25,Male,72796,25662,592,13,3,car loan,0
CUST0105,55,Female,126995,77101,766,28,10,personal loan,0
CUST0149,23,Male,48016,25103,374,26,12,personal loan,0
CUST0336,23,Male,57441,21725,584,18,1,Business,1
CUST0366,23,Male,136868,64129,516,34,19,Business,1
CUST0181,60,Male,72638,18718,677,31,13,Personal,0
CUST0091,38,Female,113105,35523,557,32,16,Education,0
CUST0196,47,Male,76720,44224,573,47,3,Home Loan,1
CUST0228,61,Male,47532,26566,604,59,1,car loan,0
CUST0074,37,Male,109930,41258,652,45,4,car loan,0
CUST0056,23,Male,76720,6828,615,59,8,Business,1
CUST0183,24,Female,127892,27116,452,23,10,car loan,0
CUST0347,50,Male,93553,34373,810,41,8,Home Loan,0
CUST0031,37,Male,36779,32446,459,39,18,personal loan,1
CUST0076,45,Male,123150,17219,644,38,14,car loan,0
CUST0341,38,Female,85215,51828,604,26,0,car loan,0
CUST0071,44,Female,58102,68076,635,50,18,Home Loan,0
CUST0223,41,Female,77043,51163,389,23,3,Home Loan,0
CUST0185,38,Male,76720,6645,754,40,9,personal loan,1
CUST0457,33,Male,145646,79859,635,9,13,Education,1
CUST0290,43,Male,33456,41220,584,14,9,Home Loan,0
CUST0205,26,Female,81529,13666,401,12,14,personal loan,0
CUST0041,46,Male,84895,18234,469,12,0,car loan,0
CUST0416,47,Female,107044,60761,401,22,13,car loan,0
CUST0239,63,Male,149473,64676,584,8,0,Home Loan,1
CUST0302,49,Male,57744,68197,825,22,17,personal loan,0
CUST0133,60,Female,143961,69484,306,25,13,personal loan,0
CUST0080,50,Male,102873,13567,721,13,2,Education,0
CUST0259,45,Female,82680,45806,542,18,6,Business,0
CUST0168,29,Female,96539,42219,570,55,2,car loan,0
CUST0477,38,Female,38030,15616,584,37,4,car loan,0
CUST0090,32,Female,82856,63596,655,49,19,car loan,0
CUST0269,46,Male,28702,73836,358,7,8,Home Loan,0
CUST0448,37,Female,24432,28510,599,45,7,car loan,0
CUST0186,23,Male,88866,52523,572,27,12,Education,0
CUST0472,33,Male,35034,78972,405,58,10,car loan,0
CUST0358,29,Male,117239,29762,505,57,11,Education,1
CUST0219,40,Female,125616,15395,415,40,11,car loan,1
CUST0468,31,Male,134049,50084,838,45,15,Home Loan,0
CUST0348,63,Male,26941,41397,592,22,19,car loan,0
CUST0288,54,Female,52201,58394,634,6,10,Home Loan,0
CUST0073,42,Male,122634,31614,391,41,18,Home Loan,0
CUST0296,48,Male,65106,47880,829,21,8,Business,1
CUST0155,51,Female,134821,44666,681,44,18,car loan,1
CUST0118,35,Female,137611,72506,623,41,19,Business,0
CUST0069,29,Male,29348,13512,515,37,10,car loan,1
CUST0298,55,Female,76720,20358,819,9,14,personal loan,0
CUST0064,31,Male,41689,14865,622,24,16,car loan,1
CUST0403,22,Male,61240,6341,446,28,3,car loan,1
CUST0210,37,Female,53307,75507,700,57,13,Business,0
CUST0077,45,Male,92267,5235,469,41,3,Education,1
CUST0183,24,Male,127892,27116,452,23,10,car loan,0
CUST0034,100,Male,76720,9324,628,22,14,Home Loan,1
CUST0079,62,Male,43625,72444,490,14,9,Education,0
CUST0085,30,Female,21542,41159,725,9,9,personal loan,0
CUST0001,45,Male,76720,61793,739,20,2,Home Loan,1
CUST0012,45,Male,40150,78479,665,9,13,car loan,0
CUST0023,42,Male,66959,63656,584,15,14,personal loan,0
CUST0272,39,Female,60943,29160,392,36,1,personal loan,0
CUST0235,46,Female,69407,38719,669,21,5,car loan,0
CUST0022,23,Male,61555,33024,820,41,17,car loan,0
CUST0474,23,Male,147858,17984,301,36,4,Education,0
CUST0368,44,Female,59811,72298,484,47,8,Education,0
CUST0193,22,Female,30975,16694,694,17,19,car loan,0
CUST0019,45,Female,131888,39529,816,30,1,Business,0
CUST0421,35,Male,43061,75342,696,36,2,Business,1
CUST0407,61,Male,53434,17254,368,13,8,Business,0
CUST0016,24,Female,88450,67981,517,41,10,Business,1
CUST0238,51,Male,95672,7717,383,57,1,personal loan,0
CUST0040,25,Male,71934,5117,631,33,10,business loan,0
CUST0485,62,Male,125977,38933,540,14,16,car loan,0
CUST0047,49,Female,76720,35105,694,18,7,personal loan,0
CUST0094,56,Male,144097,28930,523,13,13,Business,1
CUST0317,50,Male,52049,40367,365,33,0,Home Loan,0
CUST0173,63,Male,33843,57329,729,7,13,Home Loan,1
CUST0435,58,Female,43624,59237,401,35,10,Education,0
CUST0463,45,Male,147449,53543,440,15,8,Business,0
CUST0342,61,Male,98587,52924,796,58,3,Home Loan,1
CUST0432,57,Male,111865,46786,584,48,18,car loan,0
CUST0132,18,Female,23709,49028,759,13,14,Home Loan,1
CUST0339,23,Female,79494,34402,503,55,4,car loan,0
CUST0389,34,Female,26254,50186,385,13,5,Education,0
CUST0138,44,Male,45470,64201,837,28,4,Business,1
CUST0382,25,Male,89836,59912,307,15,10,personal loan,1
CUST0418,58,Female,131195,32935,318,25,13,Education,0
CUST0496,30,Male,21062,48001,417,49,14,car loan,0
CUST0070,35,Female,43714,6342,446,44,15,personal loan,0
CUST0371,45,Male,105392,17112,483,18,17,personal loan,1
CUST0313,56,Male,81877,33529,383,57,17,personal loan,0
CUST0370,46,Male,75479,20850,522,47,14,car loan,0
CUST0376,64,Female,0,52304,593,46,10,car loan,1
CUST0174,45,Male,76720,32632,608,32,11,car loan,0
CUST0332,45,Male,64238,27180,432,28,15,Home Loan,1
CUST0411,26,Male,48732,59756,388,50,17,car,0
CUST0372,43,Female,76720,29058,794,54,10,Business,0
CUST0125,48,Female,114246,64379,419,47,5,car loan,0
CUST0156,32,Male,87641,76315,739,37,4,Education,0
CUST0440,55,Male,63221,22850,749,43,13,personal loan,0
CUST0363,36,Male,72329,73247,515,46,15,car loan,0
CUST0150,63,Male,43960,69772,429,25,18,Home Loan,1
CUST0369,43,Male,134825,36987,584,26,18,Business,0
CUST0087,22,Female,66732,10951,662,54,13,car loan,0
CUST0312,27,Female,78017,56920,530,42,2,car loan,0
CUST0349,47,Female,45934,43709,319,40,5,car loan,1
CUST0285,28,Male,76720,21032,549,28,18,Education,0
CUST0465,22,Male,93686,74346,633,41,8,Education,0
CUST0361,33,Male,90173,58302,575,45,2,Home Loan,1
CUST0401,33,Male,145827,62134,584,49,19,Education,0
CUST0415,33,Female,76720,20896,680,29,1,car loan,1
CUST0020,51,Female,130448,22260,353,23,14,Education,1
CUST0357,22,Male,0,77355,460,39,11,Home Loan,1
CUST0057,27,Female,80566,6917,413,44,15,Education,0
CUST0374,27,Female,39963,43890,477,22,16,car loan,0
CUST0356,41,Female,76720,58002,850,9,14,car loan,0
CUST0454,48,Female,99714,20317,726,8,10,personal loan,1
CUST0325,24,Female,76720,61133,602,32,5,Business,0
CUST0026,43,Female,139180,76158,718,10,12,personal loan,1
CUST0439,57,Female,25240,42265,627,15,6,personal loan,0
CUST0043,30,Female,74098,5846,762,16,4,Education,0
CUST0354,28,Female,103251,58276,497,58,10,car loan,0
CUST0154,41,Male,131732,21478,838,13,10,car loan,0
CUST0178,45,Male,76720,73904,686,8,9,Business,0
CUST0297,48,Female,73932,28236,320,38,14,personal loan,0
CUST0127,36,Female,64482,14446,605,21,19,car loan,0
CUST0438,45,Male,42574,24426,384,13,12,personal loan,1
CUST0032,36,Male,83932,18046,419,38,6,Business,0
CUST0114,56,Female,109339,23381,577,57,3,car loan,1
CUST0230,39,Male,142402,25806,308,41,8,Business,0
CUST0322,53,Male,126884,56693,723,27,10,car loan,0
CUST0441,52,Male,30478,71150,753,52,8,Education,0
CUST0058,63,Male,86703,25618,339,46,12,car loan,0
CUST0221,24,Male,98752,32696,493,19,0,Education,0
CUST0025,33,Male,70517,6605,789,55,11,Home Loan,0
CUST0018,23,Female,75069,53447,558,15,17,car loan,0
CUST0204,45,Male,141507,13070,600,35,19,car loan,1
CUST0067,52,Female,76720,10287,588,43,10,car,1
CUST0450,37,Female,84291,61846,642,14,8,Home Loan,0
CUST0256,41,Female,82292,60168,823,37,2,Home Loan,1
CUST0333,45,Female,21252,6622,575,44,0,Education,0
CUST0177,53,Female,37640,49327,498,16,11,Personal,0
CUST0095,54,Male,103460,5077,824,3,2,Education,1
CUST0489,50,Female,55854,60619,584,30,12,Business,1
CUST0232,22,Male,65445,46949,658,19,16,personal loan,0
CUST0024,54,Female,20728,32285,319,38,18,Home Loan,0
CUST0462,58,Female,28717,32788,623,55,1,personal loan,1
CUST0279,25,Female,29860,59771,815,7,2,personal loan,0
CUST0229,60,Female,54349,67823,616,38,10,Home Loan,0
CUST0006,42,Male,108726,12561,584,29,14,Home Loan,0
CUST0117,58,Male,92124,16302,541,49,17,car loan,0
CUST0046,41,Female,28335,11469,560,19,3,personal loan,1
CUST0197,53,Female,145899,18224,619,43,17,Business,0
CUST0311,50,Female,134937,42599,803,55,12,Business,0
CUST0017,43,Female,41352,59553,805,44,12,Education,0
CUST0499,45,Female,76720,42573,325,51,19,Home Loan,0
CUST0384,53,Male,56586,5060,428,45,1,car loan,1
CUST0004,64,Male,54911,8596,643,47,11,Education,0
CUST0250,30,Female,47712,43000,709,9,10,Home Loan,1
CUST0211,54,Male,47355,72526,345,19,10,Home Loan,0
CUST0061,39,Female,104076,25128,617,44,3,car,0
CUST0111,61,Female,111267,39016,634,39,18,personal loan,0
CUST0343,54,Female,125185,79182,455,23,19,Business,0
CUST0281,35,Female,100642,22327,681,55,6,personal loan,0
CUST0030,49,Female,99459,18918,302,49,2,personal loan,0
CUST0212,30,Male,123268,75835,762,14,17,personal loan,0
CUST0445,22,Male,39262,62132,432,22,13,Home Loan,0
CUST0027,46,Female,86234,77303,361,52,10,Home Loan,0
CUST0008,45,Male,52479,31734,452,54,12,personal loan,1
CUST0182,23,Female,72736,39560,826,9,9,car loan,1
CUST0487,25,Female,125186,37413,597,45,0,Education,0
CUST0109,58,Female,57080,24096,523,22,5,personal loan,1
CUST0038,45,Male,79163,46427,840,20,9,Education,0
CUST0158,46,Male,131276,17999,602,58,10,Business,0
CUST0068,36,Female,123033,39387,561,47,10,car loan,0
CUST0119,24,Female,123605,46157,491,10,16,Personal,0
CUST0115,22,Male,39870,41455,495,13,16,car loan,0
CUST0278,45,Male,118142,17175,703,30,19,Education,1
CUST0176,53,Female,91726,60176,326,1,10,personal loan,0
CUST0385,51,Male,147018,79666,651,26,2,car loan,0
CUST0209,32,Male,51921,46914,387,12,11,Business,0
CUST0145,53,Male,81629,76907,788,45,16,car loan,0
CUST0195,23,Male,41447,62545,371,54,10,personal loan,0
CUST0397,45,Female,42415,40772,413,50,5,personal loan,0
CUST0409,37,Female,135359,16344,519,48,12,Education,0
CUST0299,45,Female,77091,19596,399,9,15,car loan,0
CUST0246,33,Male,57892,43258,507,39,1,car,0
CUST0249,53,Male,81813,11645,321,39,18,car loan,0
CUST0479,29,Male,104717,29574,562,16,11,Business,0
CUST0142,50,Male,59298,60180,815,59,2,Business,0
CUST0393,38,Male,100719,28051,418,20,7,Home Loan,1
CUST0471,34,Female,24621,66916,443,18,10,Business,0
CUST0169,48,Male,41732,69644,791,50,10,car loan,0
CUST0189,44,Male,44504,42430,800,27,8,car loan,0
CUST0248,58,Female,144704,33865,613,26,15,Business,0
CUST0404,55,Female,146146,49623,586,42,11,car loan,0
CUST0484,55,Male,138033,7050,611,24,2,Business,1
CUST0194,40,Male,31023,61264,363,52,17,car loan,1
CUST0082,22,Female,76720,70441,432,11,5,car loan,0
CUST0110,56,Male,21324,72728,711,40,3,Home Loan,0
CUST0033,24,Female,92936,29818,388,26,11,car loan,1
CUST0146,28,Female,76720,76895,338,49,12,Business,0
CUST0093,56,Female,39065,24282,594,26,3,Home Loan,0
CUST0153,49,Female,123333,25609,758,23,2,personal loan,0
CUST0287,38,Male,24809,65500,811,14,18,Business,0
CUST0423,18,Male,59749,61276,664,41,13,Education,1
CUST0262,57,Male,92474,31399,655,25,10,Business,0
CUST0383,45,Female,124573,39008,640,55,1,car loan,0
CUST0084,28,Male,64261,10415,850,44,6,Home Loan,1
CUST0104,33,Female,103285,78340,625,7,16,Home Loan,0
CUST0166,60,Female,113396,32306,462,38,6,Home Loan,0
CUST0164,62,Female,40559,20328,826,19,3,personal loan,0
CUST0200,25,Male,139156,68731,584,40,5,car loan,1
CUST0305,40,Male,0,22771,674,57,5,Home Loan,0
CUST0075,39,Male,26801,47078,584,42,3,Education,0
CUST0461,64,Male,76720,34430,350,30,7,Education,0
CUST0245,22,Male,115084,69077,383,58,9,Business,0
CUST0240,56,Female,76720,32952,410,40,9,personal loan,0
CUST0120,22,Female,46790,59917,316,18,14,Education,0
CUST0483,47,Male,126476,37733,458,45,3,Home Loan,0
CUST0273,23,Male,67926,69929,506,56,2,car loan,0
CUST0381,60,Male,25569,42904,584,38,10,car loan,0
CUST0430,45,Female,76720,16122,772,33,18,Business,1
CUST0405,53,Female,103807,5338,352,13,16,car loan,0
CUST0495,58,Male,110825,79691,440,26,14,Home Loan,0
CUST0266,56,Female,38017,79055,848,37,14,Business,0
CUST0473,52,Male,131927,67187,719,37,17,Business,0
CUST0412,43,Male,141465,72957,458,56,18,Business,0
CUST0291,43,Female,133748,46874,670,33,7,car loan,0
CUST0251,45,Male,120497,31737,814,30,11,Business,0
CUST0037,30,Male,55270,21389,622,42,7,personal loan,0
CUST0140,36,Female,62918,48872,584,56,9,Home Loan,1
CUST0254,37,Female,132816,30522,311,50,5,Education,1
CUST0437,31,Male,30488,30510,302,37,19,Home Loan,0
CUST0060,50,Male,21062,52362,523,16,19,Education,0
CUST0112,18,Female,144707,16246,521,28,15,personal loan,0
CUST0282,42,Male,70612,52057,831,36,19,Education,0
CUST0275,37,Male,32763,39911,631,24,11,car,1
CUST0263,59,Male,106704,60106,608,23,19,car,0
CUST0452,49,Female,79399,49547,797,20,19,Education,0
CUST0151,45,Male,53591,19382,383,18,18,car loan,0
CUST0267,46,Female,95880,61373,651,34,19,Education,1
CUST0424,51,Female,76720,24541,630,16,19,personal loan,0
CUST0039,39,Female,76720,33746,494,40,15,Home Loan,0
CUST0337,48,Male,112234,66396,420,26,3,Home Loan,0
CUST0199,53,Female,86203,30150,665,50,6,car loan,0
CUST0276,62,Male,38384,36821,584,39,0,Education,1
CUST0147,43,Male,119518,69435,570,6,5,personal loan,0
CUST0422,49,Male,99252,17182,578,51,18,personal loan,0
CUST0148,49,Male,119835,45631,456,35,16,car loan,1
CUST0478,47,Female,76720,55072,758,39,2,Business,0
CUST0306,45,Male,56187,34975,592,34,11,Business,0
CUST0124,60,Female,113714,10408,773,21,16,Home Loan,0
CUST0396,47,Female,31637,11960,713,29,14,personal loan,1
CUST0097,63,Male,146116,21984,412,55,15,Home Loan,0
CUST0144,34,Male,76720,34486,696,25,10,personal loan,0
CUST0292,51,Male,76397,18859,485,51,8,car loan,0
CUST0098,45,Male,76720,19060,532,8,19,Business,0
CUST0425,26,Male,124680,49813,643,57,16,Business,0
CUST0377,58,Male,122468,37921,450,6,10,Education,0
CUST0123,35,Male,75129,76324,321,52,0,car loan,0
CUST0184,58,Male,130133,41244,505,11,15,Education,0
CUST0203,59,Male,66427,13577,310,47,10,Home Loan,0
CUST0247,26,Male,21015,53302,689,13,15,car loan,0
CUST0395,49,Female,26090,74626,584,28,3,Home Loan,0
CUST0326,39,Male,62808,66268,586,26,13,car loan,0
CUST0378,54,Male,112705,6524,683,7,14,car loan,0
CUST0321,42,Female,93963,22685,748,42,15,Home Loan,1
CUST0426,33,Female,36907,42198,754,20,7,Business,0
CUST0303,54,Female,65543,67516,633,42,9,Business,1
CUST0126,30,Female,35485,30053,509,35,3,personal loan,1
CUST0324,54,Male,44285,79532,600,7,10,car loan,0
CUST0224,53,Male,76720,24816,421,15,9,car loan,0
CUST0449,45,Female,76720,45998,300,30,16,Business,0
CUST0220,47,Female,58088,21241,402,23,8,car loan,1
CUST0130,63,Male,106769,15789,526,21,14,car loan,0
CUST0451,100,Female,99104,11640,584,7,0,car loan,0
CUST0308,38,Male,27239,53285,801,41,10,Business,1
CUST0353,34,Male,95745,16555,334,57,11,personal loan,0
CUST0406,46,Male,76720,76431,603,18,6,Education,1
CUST0488,32,Female,54674,39801,335,19,7,car loan,0
CUST0382,25,Male,89836,59912,307,15,10,personal loan,0
CUST0201,32,Female,76720,54688,465,35,14,Education,0
CUST0295,29,Female,54816,13705,536,21,7,Home Loan,0
CUST0394,40,Male,91774,56474,517,22,2,Education,0
CUST0365,55,Female,0,26792,584,57,2,personal loan,0
CUST0113,48,Female,55909,50558,336,35,12,car loan,1
CUST0180,33,Female,148142,52882,835,28,10,Business,1
CUST0330,24,Male,39758,31657,660,26,10,personal loan,0
CUST0486,28,Female,76720,29951,744,30,1,Education,1
CUST0355,57,Female,114456,62492,784,31,1,personal loan,1
CUST0315,45,Female,69922,32856,444,12,7,car loan,0
CUST0152,49,Female,102848,8756,584,27,9,personal loan,0
CUST0387,61,Female,65002,18350,816,16,14,Home Loan,0
CUST0234,49,Male,76178,29442,715,51,1,Home Loan,1
CUST0481,47,Female,58638,17676,407,20,8,personal loan,1
CUST0334,43,Male,59764,53756,584,10,12,Home Loan,0
CUST0165,24,Male,113045,61942,461,41,6,Home Loan,0
CUST0318,52,Female,57131,65774,462,27,0,Business,0
CUST0137,58,Female,33116,24029,758,50,15,car,0
CUST0198,27,Female,43959,45738,637,23,0,Education,0
CUST0259,45,Female,82680,45806,542,18,6,Business,0
CUST0233,32,Female,25713,7482,522,6,16,Education,0
CUST0116,56,Male,54578,9018,783,27,10,car,0
CUST0121,26,Female,1000000,29519,823,34,10,Education,1
CUST0375,36,Male,75123,71017,727,14,4,car loan,0
CUST0225,28,Female,55547,54840,442,30,6,Education,0
CUST0433,54,Male,132428,11737,796,10,2,Education,0
CUST0362,44,Female,90390,28150,541,40,11,Home Loan,0
CUST0128,45,Male,106188,5922,569,17,15,Education,0
CUST0126,30,Male,35485,30053,509,35,3,personal loan,0
CUST0286,24,Male,30916,7198,416,24,10,car loan,0
CUST0466,54,Female,87661,44974,672,17,15,Home Loan,0
CUST0442,31,Male,148055,79910,520,37,18,Home Loan,0
CUST0108,45,Female,60262,14184,584,43,11,Business,0
CUST0398,45,Male,44071,26520,444,24,14,Business,0
CUST0350,56,Female,43386,66120,581,54,17,car loan,0
CUST0134,53,Male,50355,37154,328,8,10,car loan,0
CUST0391,51,Male,44214,39020,492,13,19,personal loan,0
CUST0045,23,Male,25486,51514,836,14,0,car loan,0
CUST0066,35,Female,108461,44809,339,31,13,Business,0
CUST0284,45,Female,43524,9425,719,14,10,car loan,0
CUST0086,45,Male,41677,48925,693,18,5,Business,0
CUST0243,45,Female,43793,23449,306,30,15,Home Loan,0
CUST0187,23,Male,39087,24256,535,48,5,personal loan,0
CUST0413,50,Female,31314,63053,788,29,10,personal loan,0
CUST0160,54,Male,42700,5814,752,17,9,car loan,0
CUST0013,57,Female,91180,28275,629,55,10,personal loan,1
CUST0036,42,Female,89896,43110,566,53,14,personal loan,0
CUST0029,63,Female,67280,61138,300,40,0,Home Loan,0
CUST0171,58,Female,111362,58028,838,46,5,Education,0
CUST0143,57,Female,128492,28710,398,10,12,car loan,1
CUST0429,47,Male,71745,74768,442,56,15,Home Loan,0
CUST0427,37,Female,38777,13820,584,24,13,car loan,1
CUST0222,40,Female,75284,75480,465,25,10,Business,0
CUST0096,26,Male,108092,25611,584,13,4,Home Loan,1
CUST0052,38,Female,117203,50587,550,26,9,personal loan,1
CUST0241,28,Female,104791,47460,550,46,4,personal loan,1
CUST0400,30,Male,130951,41408,602,37,13,personal loan,0
CUST0352,45,Male,81886,26172,418,26,10,Home Loan,1
CUST0408,22,Male,89724,56860,660,9,2,car loan,0
CUST0179,62,Female,58413,8797,648,57,10,personal loan,0
CUST0042,35,Male,52307,58441,820,37,11,Home Loan,1
CUST0469,64,Female,76720,34629,455,7,11,Business,0
CUST0417,37,Female,107505,67552,793,10,5,personal loan,0
CUST0207,27,Male,104665,41368,691,8,6,Home Loan,0
CUST0283,41,Male,43574,11150,451,20,17,car loan,0
CUST0359,37,Male,62318,16046,584,53,8,Education,0
CUST0255,24,Male,148778,70155,386,17,9,car,0
CUST0443,40,Female,75645,57375,453,53,14,personal loan,0
CUST0005,29,Female,79031,11168,300,13,8,Business,0
CUST0257,45,Female,43833,57487,836,37,18,car loan,0
CUST0482,31,Female,76720,15816,338,22,8,car loan,0
CUST0101,28,Female,33807,34287,522,8,17,Home Loan,0
CUST0227,54,Male,102844,29917,727,30,16,car loan,0
CUST0458,45,Female,20302,79038,416,19,8,personal loan,0
CUST0214,37,Female,24835,24956,385,26,2,Business,0
CUST0453,53,Female,147600,59620,663,55,13,Business,0
CUST0172,54,Female,50354,5126,359,26,8,Education,0
CUST0099,62,Female,76720,48303,316,59,3,Education,0
CUST0293,59,Female,141288,55460,545,56,3,personal loan,1
CUST0216,24,Female,124346,42148,541,7,16,car loan,0
CUST0062,47,Male,109780,64383,648,29,9,car loan,1
CUST0048,28,Male,76720,47101,525,30,2,Home Loan,0
CUST0268,56,Male,125570,36480,611,48,13,personal loan,0
CUST0328,63,Female,73871,62384,309,43,8,Business,0
CUST0480,50,Male,75658,8430,584,15,0,personal loan,1
CUST0028,48,Male,59954,32139,444,54,4,personal loan,0
CUST0419,43,Female,123081,42641,753,15,3,personal loan,0
CUST0231,61,Female,138012,6759,372,36,6,Business,1
CUST0261,29,Female,26970,57603,446,19,10,Education,0
CUST0379,29,Female,93477,20048,607,53,2,Education,0
CUST0289,33,Male,73330,25079,717,26,11,Home Loan,0
CUST0163,34,Male,148148,22368,556,39,5,car loan,0
CUST0392,40,Male,125654,25581,610,54,0,Business,0
CUST0456,45,Male,107731,32345,706,41,8,car loan,0
CUST0139,60,Female,62344,37265,781,33,19,Education,0
CUST0063,55,Male,41545,70545,414,51,11,car loan,0
CUST0136,51,Female,77799,72779,378,35,8,car loan,0
CUST0129,47,Male,24748,56356,584,22,14,Home Loan,0
CUST0009,44,Female,81476,11371,609,31,7,Home Loan,1
CUST0327,46,Female,108464,43243,694,59,10,car loan,0
CUST0065,57,Female,31174,7219,339,9,13,personal loan,0
CUST0301,54,Male,90080,6279,597,45,7,Home Loan,0
CUST0015,45,Female,132856,65004,525,24,10,Home Loan,0
CUST0157,49,Male,56395,19153,320,38,4,car loan,0
CUST0380,45,Male,76720,40111,635,34,0,Education,1
CUST0494,31,Female,30267,9494,661,25,13,Business,0
CUST0434,51,Male,101818,41062,590,10,9,personal loan,0
CUST0217,41,Male,67605,9757,301,32,18,Business,0
CUST0410,60,Male,95697,6750,460,6,14,Home Loan,0
CUST0280,54,Female,124293,71358,663,16,5,Home Loan,0
CUST0468,31,Male,134049,50084,838,45,15,Home Loan,0
CUST0493,57,Female,131076,40400,675,35,11,car loan,1
CUST0338,63,Male,73682,56226,406,31,5,business loan,0
CUST0237,52,Female,70990,7079,617,51,5,Education,0
CUST0208,43,Male,125787,11783,513,21,9,Business,0
CUST0213,27,Male,147016,50765,609,20,4,car loan,0
CUST0491,46,Male,93688,45600,684,27,7,Business,0
CUST0252,45,Male,28415,16485,426,20,14,personal loan,0
CUST0170,30,Male,148675,65279,507,7,3,Home Loan,0
CUST0304,26,Male,128319,12083,301,44,19,Business,0
CUST0351,46,Female,145362,24250,300,16,5,Business,1
CUST0270,50,Male,20384,77258,334,28,7,Home Loan,0
CUST0202,38,Male,29337,78509,843,29,17,Education,0
CUST0162,48,Female,123214,78319,806,57,3,car loan,1
CUST0044,47,Female,80921,15954,584,15,2,car loan,1
CUST0218,57,Male,76720,24097,524,7,18,Education,0
CUST0402,22,Male,128215,25491,300,6,13,Home Loan,0
CUST0191,53,Female,98859,68374,685,57,3,Education,0
CUST0310,51,Female,34489,72642,584,44,2,Home Loan,1
CUST0260,45,Male,40309,53770,421,36,19,Business,1
CUST0106,54,Male,111792,76520,713,49,18,Education,1
CUST0054,61,Female,107508,72584,753,8,6,car loan,0
CUST0390,63,Male,37144,33145,584,27,10,Education,1
CUST0002,50,Female,90640,52915,618,15,6,car loan,0
CUST0498,56,Male,70448,50028,519,56,18,Business,0
CUST0360,35,Male,139803,33769,789,23,1,Education,0
CUST0050,56,Male,122795,63067,337,40,1,car,0
CUST0420,50,Female,56668,34711,781,45,7,Home Loan,1
CUST0081,36,Female,120843,75792,306,38,4,Home Loan,0
CUST0206,55,Female,122023,62761,724,11,15,Education,1
CUST0035,28,Male,56939,14111,656,27,4,Business,0
CUST0431,60,Female,148077,78543,716,56,13,car loan,0
CUST0428,47,Female,113229,29070,375,12,10,car loan,0
CUST0455,41,Female,70428,12564,320,54,2,Business,0
CUST0367,53,Male,123196,79478,605,43,1,Business,1
CUST0092,45,Male,108858,20524,584,37,6,personal loan,0
CUST0340,47,Female,76720,9263,464,50,2,Education,0
CUST0284,45,Female,43524,9425,719,14,10,car loan,0
CUST0053,57,Male,76720,41976,475,23,13,personal loan,0
CUST0346,60,Male,75393,40737,633,37,2,personal loan,0
CUST0265,41,Male,40384,68230,584,11,7,personal loan,1
CUST0242,37,Male,78141,77847,682,11,1,Home Loan,0
CUST0014,61,Female,76720,77274,406,29,11,Education,0
CUST0316,45,Male,114074,7573,327,32,5,personal loan,0
CUST0089,45,Female,59081,46832,381,10,12,Business,0
CUST0388,37,Male,136594,29354,794,39,10,Home Loan,0
CUST0274,56,Female,49189,78506,652,10,7,personal loan,0
CUST0167,27,Male,81642,44915,823,28,17,Business,1
CUST0329,52,Female,39198,36653,569,20,11,car loan,0
CUST0364,49,Male,142418,9853,550,34,0,personal loan,0
CUST0135,25,Male,75771,7336,584,21,6,Education,0
CUST0307,56,Male,132734,50648,617,57,1,Business,0
CUST0252,45,Male,28415,16485,426,20,14,Education,0
CUST0320,54,Female,135765,60029,584,12,4,Home Loan,0
CUST0244,23,Male,76720,38536,758,18,1,Business,0
CUST0055,25,Female,125955,47533,336,47,1,Home Loan,0
CUST0364,49,Female,142418,9853,550,34,0,personal loan,0
CUST0051,35,Female,76720,54376,627,12,10,car loan,0
CUST0490,57,Female,66271,37913,751,55,14,car loan,1
CUST0175,36,Male,134065,70310,819,14,19,Home Loan,1
CUST0446,26,Male,138831,7983,603,36,5,car loan,0
CUST0190,58,Male,27114,44282,416,42,12,Business,0
CUST0367,53,Male,123196,79478,605,43,1,Business,1
CUST0464,24,Female,48699,18919,769,26,13,Education,1
CUST0188,49,Female,76720,58173,820,20,10,Education,1
CUST0476,44,Male,76720,63606,644,37,19,Home Loan,0
CUST0170,30,Male,148675,65279,507,7,3,Home Loan,0
CUST0059,45,Male,47192,37254,600,54,8,Home Loan,0
CUST0475,56,Female,25126,38039,389,21,15,personal loan,0
CUST0049,29,Female,141954,69323,423,7,9,car loan,0
CUST0345,64,Female,127825,16664,584,50,10,car loan,1
CUST0236,44,Female,90340,63066,563,59,13,Business,0
CUST0253,40,Female,131854,43565,313,9,7,Home Loan,0
CUST0314,62,Male,63125,40954,584,40,10,Home Loan,0
CUST0460,54,Male,20055,71081,698,46,3,Education,0
CUST0161,22,Female,54620,7443,686,43,4,Home Loan,0
CUST0277,45,Male,80100,65535,323,15,9,car loan,1
CUST0444,45,Male,130698,40435,311,33,19,personal loan,0
CUST0192,54,Female,119657,73244,643,47,10,personal loan,1
CUST0386,56,Female,32015,60337,657,33,7,personal loan,0
CUST0294,59,Male,58765,36419,567,12,4,personal loan,0
CUST0414,24,Male,43954,75855,623,40,5,Home Loan,1
CUST0492,42,Male,58518,62775,471,57,11,personal loan,0
CUST0344,30,Male,26949,64052,666,42,1,car loan,0
CUST0309,49,Male,144454,24063,680,43,15,personal loan,0
CUST0131,34,Male,29435,71656,680,17,5,Home Loan,0
CUST0100,45,Female,48295,64207,659,49,1,Home Loan,0
CUST0373,63,Female,137520,50420,726,46,15,car loan,0
CUST0088,29,Female,70343,13007,736,7,3,car loan,0
CUST0459,54,Female,102558,57393,423,46,3,Business,0
CUST0331,61,Female,35254,44952,584,15,13,Education,1
CUST0215,45,Female,40159,51240,391,40,4,personal loan,0
CUST0467,61,Female,64247,21371,793,32,16,Education,0
CUST0122,47,Female,45289,61819,700,36,12,Business,0
CUST0021,59,Female,34397,8812,346,24,19,car loan,0
CUST0072,61,Female,94460,24216,467,51,5,Home Loan,1
CUST0107,45,Male,77854,23574,754,7,12,Home Loan,0
CUST0271,39,Male,20404,44986,744,24,16,car loan,0
CUST0436,44,Male,43321,56571,566,59,8,car loan,0
CUST0103,29,Male,46432,16954,664,11,18,car loan,1
